{
  "optimal_decay_factor": 0.9,
  "optimal_pair_boost": 0.2,
  "optimal_day_weight": 0.1,
  "tuned_avg_matches": 0.9285714285714286,
  "default_avg_matches": 0.7857142857142857,
  "improvement_percent": 18.181818181818187,
  "cross_validation_score": 0.7769230769230769,
  "cross_validation_range": 0.5,
  "overfit_warning": true,
  "tuned_on_draws": 162,
  "test_cases": 132,
  "tuned_at": "2026-03-13T15:46:07.485387"
}